{"epoch": 49, "val_loss": 2.401152280966441, "_timestamp": 1681273418.8956451, "_runtime": 190.64400815963745, "_step": 49, "_wandb": {"runtime": 189}}